"Rhagrid","Rubeus Hagrid","Rhagrid","rhagrid@cs","123 MyStreet, Goleta apt A, Ca","Gold","FALSE"
"Mhooch","Madam Hooch","Mhooch","mhooch@cs","123 MyStreet, Goleta apt B, Ca","Silver","FALSE"
"Amoody","Alastor Moody","Amoody","amoody@cs","123 MyStreet, Goleta apt C, Ca","New","FALSE"
"Pquirrell","Professor Quirrell","Pquirrell","pquirrell@cs","123 MyStreet, Goleta apt D, Ca","New","FALSE"
"Sblack","Sirius Black","Sblack","sblack@cs","123 MyStreet, Goleta apt E, Ca","Green","TRUE"
"Ddiggle","Dedalus Diggle","Ddiggle","ddiggle@cs","123 MyStreet, Goleta apt F, Ca","Green","FALSE"

